[
  {
    "roundId": 1743593215646,
    "userName": "user1",
    "betValue2": 10,
    "cashOutAmount2": 0
  },
  {
    "roundId": 1743594599448,
    "userName": "user1",
    "betValue1": 10,
    "cashOutAmount1": 0
  },
  {
    "roundId": 1743594629006,
    "userName": "user1",
    "betValue1": 10,
    "cashOutAmount1": 0
  },
  {
    "roundId": 1743595082843,
    "userName": "user1",
    "betValue2": 10,
    "cashOutAmount2": 0
  },
  {
    "roundId": 1743595110874,
    "userName": "user1",
    "betValue1": 10,
    "cashOutAmount1": 10.73
  },
  {
    "roundId": 1743595133599,
    "userName": "user1",
    "betValue2": 10,
    "cashOutAmount2": 10.66
  },
  {
    "roundId": 1743595133599,
    "userName": "user1",
    "betValue2": 10,
    "cashOutAmount2": 0
  },
  {
    "roundId": 1743595244761,
    "userName": "user1",
    "betValue1": 10,
    "cashOutAmount1": 10.39
  },
  {
    "roundId": 1743595262343,
    "userName": "user1",
    "betValue2": 10,
    "cashOutAmount2": 10.28
  },
  {
    "roundId": 1743595279239,
    "userName": "user1",
    "betValue1": 10,
    "cashOutAmount1": 10.31
  },
  {
    "roundId": 1743595279239,
    "userName": "user1",
    "betValue2": 10,
    "cashOutAmount2": 0
  },
  {
    "roundId": 1743595334203,
    "userName": "user1",
    "betValue2": 500,
    "cashOutAmount2": 511
  },
  {
    "roundId": 1743595334203,
    "userName": "user1",
    "betValue1": 10,
    "cashOutAmount1": 0
  },
  {
    "roundId": 1743595349744,
    "userName": "user1",
    "betValue1": 5000,
    "cashOutAmount1": 5165
  },
  {
    "roundId": 1743595367104,
    "userName": "user1",
    "betValue1": 100,
    "cashOutAmount1": 105.9
  },
  {
    "roundId": 1743595367104,
    "userName": "user1",
    "betValue2": 5000,
    "cashOutAmount2": 5315
  },
  {
    "roundId": 1743595390103,
    "userName": "user1",
    "betValue1": 100,
    "cashOutAmount1": 105.6
  },
  {
    "roundId": 1743595390103,
    "userName": "user1",
    "betValue2": 5000,
    "cashOutAmount2": 5315
  },
  {
    "roundId": 1743595414093,
    "userName": "user1",
    "betValue1": 100,
    "cashOutAmount1": 104.3
  },
  {
    "roundId": 1743595414093,
    "userName": "user1",
    "betValue2": 5000,
    "cashOutAmount2": 5260
  }
]