[
  {
    "roundId": 1743772161204,
    "multiplier": 1.93
  },
  {
    "roundId": 1743772184434,
    "multiplier": 1.68
  },
  {
    "roundId": 1743772204970,
    "multiplier": 1.67
  },
  {
    "roundId": 1743772225390,
    "multiplier": 1.02
  },
  {
    "roundId": 1743772238740,
    "multiplier": 1.17
  },
  {
    "roundId": 1743772253724,
    "multiplier": 1.79
  },
  {
    "roundId": 1743772275452,
    "multiplier": 1.08
  },
  {
    "roundId": 1743772289461,
    "multiplier": 1.94
  },
  {
    "roundId": 1743772312796,
    "multiplier": 1.11
  },
  {
    "roundId": 1743772327118,
    "multiplier": 1.73
  },
  {
    "roundId": 1743772348173,
    "multiplier": 1.33
  },
  {
    "roundId": 1743772364897,
    "multiplier": 1.82
  },
  {
    "roundId": 1743772386955,
    "multiplier": 1.03
  },
  {
    "roundId": 1743772400405,
    "multiplier": 1.57
  },
  {
    "roundId": 1743772419713,
    "multiplier": 1.14
  },
  {
    "roundId": 1743772434385,
    "multiplier": 1.71
  },
  {
    "roundId": 1743772455235,
    "multiplier": 1.81
  },
  {
    "roundId": 1743772477210,
    "multiplier": 1.35
  },
  {
    "roundId": 1743772494174,
    "multiplier": 1.44
  },
  {
    "roundId": 1743772512087,
    "multiplier": 1.01
  },
  {
    "roundId": 1743772525322,
    "multiplier": 1.65
  },
  {
    "roundId": 1743772545568,
    "multiplier": 1.88
  },
  {
    "roundId": 1743772568310,
    "multiplier": 1.75
  },
  {
    "roundId": 1743772589599,
    "multiplier": 1.91
  },
  {
    "roundId": 1743772612633,
    "multiplier": 1.64
  },
  {
    "roundId": 1743772632720,
    "multiplier": 1.32
  },
  {
    "roundId": 1743772649319,
    "multiplier": 1.98
  },
  {
    "roundId": 1743772673131,
    "multiplier": 1.49
  },
  {
    "roundId": 1743772713871,
    "multiplier": 1.71
  },
  {
    "roundId": 1743772734729,
    "multiplier": 1.59
  }
]